The Shawshank Redemption,1994," Tim Robbins, Morgan Freeman",Frank Darabont ,https://www.imdb.com/title/tt0111161/
The Godfather,1972," Marlon Brando, Al Pacino",Francis Ford Coppola ,https://www.imdb.com/title/tt0068646/
The Dark Knight,2008," Christian Bale, Heath Ledger",Christopher Nolan ,https://www.imdb.com/title/tt0468569/
The Godfather Part II,1974," Al Pacino, Robert De Niro",Francis Ford Coppola ,https://www.imdb.com/title/tt0071562/
12 Angry Men,1957," Henry Fonda, Lee J. Cobb",Sidney Lumet ,https://www.imdb.com/title/tt0050083/
Schindler's List,1993," Liam Neeson, Ralph Fiennes",Steven Spielberg ,https://www.imdb.com/title/tt0108052/
The Lord of the Rings: The Return of the King,2003," Elijah Wood, Viggo Mortensen",Peter Jackson ,https://www.imdb.com/title/tt0167260/
Pulp Fiction,1994," John Travolta, Uma Thurman",Quentin Tarantino ,https://www.imdb.com/title/tt0110912/
The Lord of the Rings: The Fellowship of the Ring,2001," Elijah Wood, Ian McKellen",Peter Jackson ,https://www.imdb.com/title/tt0120737/
"Il buono, il brutto, il cattivo",1966," Clint Eastwood, Eli Wallach",Sergio Leone ,https://www.imdb.com/title/tt0060196/
Forrest Gump,1994," Tom Hanks, Robin Wright",Robert Zemeckis ,https://www.imdb.com/title/tt0109830/
Fight Club,1999," Brad Pitt, Edward Norton",David Fincher ,https://www.imdb.com/title/tt0137523/
Inception,2010," Leonardo DiCaprio, Joseph Gordon-Levitt",Christopher Nolan ,https://www.imdb.com/title/tt1375666/
The Lord of the Rings: The Two Towers,2002," Elijah Wood, Ian McKellen",Peter Jackson ,https://www.imdb.com/title/tt0167261/
The Empire Strikes Back,1980," Mark Hamill, Harrison Ford",Irvin Kershner ,https://www.imdb.com/title/tt0080684/
The Matrix,1999," Keanu Reeves, Laurence Fishburne",Lana Wachowski ,https://www.imdb.com/title/tt0133093/
Goodfellas,1990," Robert De Niro, Ray Liotta",Martin Scorsese ,https://www.imdb.com/title/tt0099685/
One Flew Over the Cuckoo's Nest,1975," Jack Nicholson, Louise Fletcher",Milos Forman ,https://www.imdb.com/title/tt0073486/
Se7en,1995," Morgan Freeman, Brad Pitt",David Fincher ,https://www.imdb.com/title/tt0114369/
Shichinin no samurai,1954," Toshirô Mifune, Takashi Shimura",Akira Kurosawa ,https://www.imdb.com/title/tt0047478/
It's a Wonderful Life,1946," James Stewart, Donna Reed",Frank Capra ,https://www.imdb.com/title/tt0038650/
The Silence of the Lambs,1991," Jodie Foster, Anthony Hopkins",Jonathan Demme ,https://www.imdb.com/title/tt0102926/
Cidade de Deus,2002," Alexandre Rodrigues, Leandro Firmino",Fernando Meirelles ,https://www.imdb.com/title/tt0317248/
Saving Private Ryan,1998," Tom Hanks, Matt Damon",Steven Spielberg ,https://www.imdb.com/title/tt0120815/
La vita è bella,1997," Roberto Benigni, Nicoletta Braschi",Roberto Benigni ,https://www.imdb.com/title/tt0118799/
The Green Mile,1999," Tom Hanks, Michael Clarke Duncan",Frank Darabont ,https://www.imdb.com/title/tt0120689/
Interstellar,2014," Matthew McConaughey, Anne Hathaway",Christopher Nolan ,https://www.imdb.com/title/tt0816692/
Star Wars,1977," Mark Hamill, Harrison Ford",George Lucas ,https://www.imdb.com/title/tt0076759/
Terminator 2: Judgment Day,1991," Arnold Schwarzenegger, Linda Hamilton",James Cameron ,https://www.imdb.com/title/tt0103064/
Back to the Future,1985," Michael J. Fox, Christopher Lloyd",Robert Zemeckis ,https://www.imdb.com/title/tt0088763/
Sen to Chihiro no kamikakushi,2001," Daveigh Chase, Suzanne Pleshette",Hayao Miyazaki ,https://www.imdb.com/title/tt0245429/
Psycho,1960," Anthony Perkins, Janet Leigh",Alfred Hitchcock ,https://www.imdb.com/title/tt0054215/
The Pianist,2002," Adrien Brody, Thomas Kretschmann",Roman Polanski ,https://www.imdb.com/title/tt0253474/
Léon,1994," Jean Reno, Gary Oldman",Luc Besson ,https://www.imdb.com/title/tt0110413/
Gisaengchung,2019," Song Kang-ho, Sun-kyun Lee",Bong Joon Ho ,https://www.imdb.com/title/tt6751668/
The Lion King,1994," Matthew Broderick, Jeremy Irons",Roger Allers ,https://www.imdb.com/title/tt0110357/
Gladiator,2000," Russell Crowe, Joaquin Phoenix",Ridley Scott ,https://www.imdb.com/title/tt0172495/
American History X,1998," Edward Norton, Edward Furlong",Tony Kaye ,https://www.imdb.com/title/tt0120586/
The Usual Suspects,1995," Kevin Spacey, Gabriel Byrne",Bryan Singer ,https://www.imdb.com/title/tt0114814/
The Departed,2006," Leonardo DiCaprio, Matt Damon",Martin Scorsese ,https://www.imdb.com/title/tt0407887/
The Prestige,2006," Christian Bale, Hugh Jackman",Christopher Nolan ,https://www.imdb.com/title/tt0482571/
Casablanca,1942," Humphrey Bogart, Ingrid Bergman",Michael Curtiz ,https://www.imdb.com/title/tt0034583/
Top Gun: Maverick,2022," Tom Cruise, Jennifer Connelly",Joseph Kosinski ,https://www.imdb.com/title/tt1745960/
Whiplash,2014," Miles Teller, J.K. Simmons",Damien Chazelle ,https://www.imdb.com/title/tt2582802/
The Intouchables,2011," François Cluzet, Omar Sy",Olivier Nakache ,https://www.imdb.com/title/tt1675434/
Modern Times,1936," Charles Chaplin, Paulette Goddard",Charles Chaplin ,https://www.imdb.com/title/tt0027977/
Seppuku,1962," Tatsuya Nakadai, Akira Ishihama",Masaki Kobayashi ,https://www.imdb.com/title/tt0056058/
Once Upon a Time in the West,1968," Henry Fonda, Charles Bronson",Sergio Leone ,https://www.imdb.com/title/tt0064116/
Hotaru no haka,1988," Tsutomu Tatsumi, Ayano Shiraishi",Isao Takahata ,https://www.imdb.com/title/tt0095327/
Rear Window,1954," James Stewart, Grace Kelly",Alfred Hitchcock ,https://www.imdb.com/title/tt0047396/
Alien,1979," Sigourney Weaver, Tom Skerritt",Ridley Scott ,https://www.imdb.com/title/tt0078748/
City Lights,1931," Charles Chaplin, Virginia Cherrill",Charles Chaplin ,https://www.imdb.com/title/tt0021749/
Nuovo Cinema Paradiso,1988," Philippe Noiret, Enzo Cannavale",Giuseppe Tornatore ,https://www.imdb.com/title/tt0095765/
Memento,2000," Guy Pearce, Carrie-Anne Moss",Christopher Nolan ,https://www.imdb.com/title/tt0209144/
Apocalypse Now,1979," Martin Sheen, Marlon Brando",Francis Ford Coppola ,https://www.imdb.com/title/tt0078788/
Raiders of the Lost Ark,1981," Harrison Ford, Karen Allen",Steven Spielberg ,https://www.imdb.com/title/tt0082971/
Django Unchained,2012," Jamie Foxx, Christoph Waltz",Quentin Tarantino ,https://www.imdb.com/title/tt1853728/
WALL·E,2008," Ben Burtt, Elissa Knight",Andrew Stanton ,https://www.imdb.com/title/tt0910970/
The Lives of Others,2006," Ulrich Mühe, Martina Gedeck",Florian Henckel von Donnersmarck ,https://www.imdb.com/title/tt0405094/
Sunset Blvd.,1950," William Holden, Gloria Swanson",Billy Wilder ,https://www.imdb.com/title/tt0043014/
Paths of Glory,1957," Kirk Douglas, Ralph Meeker",Stanley Kubrick ,https://www.imdb.com/title/tt0050825/
The Shining,1980," Jack Nicholson, Shelley Duvall",Stanley Kubrick ,https://www.imdb.com/title/tt0081505/
The Great Dictator,1940," Charles Chaplin, Paulette Goddard",Charles Chaplin ,https://www.imdb.com/title/tt0032553/
Witness for the Prosecution,1957," Tyrone Power, Marlene Dietrich",Billy Wilder ,https://www.imdb.com/title/tt0051201/
Avengers: Infinity War,2018," Robert Downey Jr., Chris Hemsworth",Anthony Russo ,https://www.imdb.com/title/tt4154756/
Aliens,1986," Sigourney Weaver, Michael Biehn",James Cameron ,https://www.imdb.com/title/tt0090605/
American Beauty,1999," Kevin Spacey, Annette Bening",Sam Mendes ,https://www.imdb.com/title/tt0169547/
Dr. Strangelove or: How I Learned to Stop Worrying and Love the Bomb,1964," Peter Sellers, George C. Scott",Stanley Kubrick ,https://www.imdb.com/title/tt0057012/
The Dark Knight Rises,2012," Christian Bale, Tom Hardy",Christopher Nolan ,https://www.imdb.com/title/tt1345836/
Spider-Man: Into the Spider-Verse,2018," Shameik Moore, Jake Johnson",Bob Persichetti ,https://www.imdb.com/title/tt4633694/
Joker,2019," Joaquin Phoenix, Robert De Niro",Todd Phillips ,https://www.imdb.com/title/tt7286456/
Oldeuboi,2003," Choi Min-sik, Yoo Ji-Tae",Park Chan-wook ,https://www.imdb.com/title/tt0364569/
Braveheart,1995," Mel Gibson, Sophie Marceau",Mel Gibson ,https://www.imdb.com/title/tt0112573/
Amadeus,1984," F. Murray Abraham, Tom Hulce",Milos Forman ,https://www.imdb.com/title/tt0086879/
Toy Story,1995," Tom Hanks, Tim Allen",John Lasseter ,https://www.imdb.com/title/tt0114709/
Coco,2017," Anthony Gonzalez, Gael García Bernal",Lee Unkrich ,https://www.imdb.com/title/tt2380307/
Das Boot,1981," Jürgen Prochnow, Herbert Grönemeyer",Wolfgang Petersen ,https://www.imdb.com/title/tt0082096/
Inglourious Basterds,2009," Brad Pitt, Diane Kruger",Quentin Tarantino ,https://www.imdb.com/title/tt0361748/
Mononoke-hime,1997," Yôji Matsuda, Yuriko Ishida",Hayao Miyazaki ,https://www.imdb.com/title/tt0119698/
Avengers: Endgame,2019," Robert Downey Jr., Chris Evans",Anthony Russo ,https://www.imdb.com/title/tt4154796/
Once Upon a Time in America,1984," Robert De Niro, James Woods",Sergio Leone ,https://www.imdb.com/title/tt0087843/
Good Will Hunting,1997," Robin Williams, Matt Damon",Gus Van Sant ,https://www.imdb.com/title/tt0119217/
Requiem for a Dream,2000," Ellen Burstyn, Jared Leto",Darren Aronofsky ,https://www.imdb.com/title/tt0180093/
Toy Story 3,2010," Tom Hanks, Tim Allen",Lee Unkrich ,https://www.imdb.com/title/tt0435761/
Kimi no na wa.,2016," Ryûnosuke Kamiki, Mone Kamishiraishi",Makoto Shinkai ,https://www.imdb.com/title/tt5311514/
Singin' in the Rain,1952," Gene Kelly, Donald O'Connor",Stanley Donen ,https://www.imdb.com/title/tt0045152/
3 Idiots,2009," Aamir Khan, Madhavan",Rajkumar Hirani ,https://www.imdb.com/title/tt1187043/
Star Wars: Episode VI - Return of the Jedi,1983," Mark Hamill, Harrison Ford",Richard Marquand ,https://www.imdb.com/title/tt0086190/
2001: A Space Odyssey,1968," Keir Dullea, Gary Lockwood",Stanley Kubrick ,https://www.imdb.com/title/tt0062622/
Reservoir Dogs,1992," Harvey Keitel, Tim Roth",Quentin Tarantino ,https://www.imdb.com/title/tt0105236/
Eternal Sunshine of the Spotless Mind,2004," Jim Carrey, Kate Winslet",Michel Gondry ,https://www.imdb.com/title/tt0338013/
Tengoku to jigoku,1963," Toshirô Mifune, Yutaka Sada",Akira Kurosawa ,https://www.imdb.com/title/tt0057565/
Capharnaüm,2018," Zain Al Rafeea, Yordanos Shiferaw",Nadine Labaki ,https://www.imdb.com/title/tt8267604/
Citizen Kane,1941," Orson Welles, Joseph Cotten",Orson Welles ,https://www.imdb.com/title/tt0033467/
Lawrence of Arabia,1962," Peter O'Toole, Alec Guinness",David Lean ,https://www.imdb.com/title/tt0056172/
Jagten,2012," Mads Mikkelsen, Thomas Bo Larsen",Thomas Vinterberg ,https://www.imdb.com/title/tt2106476/
North by Northwest,1959," Cary Grant, Eva Marie Saint",Alfred Hitchcock ,https://www.imdb.com/title/tt0053125/
M - Eine Stadt sucht einen Mörder,1931," Peter Lorre, Ellen Widmann",Fritz Lang ,https://www.imdb.com/title/tt0022100/
Vertigo,1958," James Stewart, Kim Novak",Alfred Hitchcock ,https://www.imdb.com/title/tt0052357/
Le fabuleux destin d'Amélie Poulain,2001," Audrey Tautou, Mathieu Kassovitz",Jean-Pierre Jeunet ,https://www.imdb.com/title/tt0211915/
A Clockwork Orange,1971," Malcolm McDowell, Patrick Magee",Stanley Kubrick ,https://www.imdb.com/title/tt0066921/
Idi i smotri,1985," Aleksey Kravchenko, Olga Mironova",Elem Klimov ,https://www.imdb.com/title/tt0091251/
Full Metal Jacket,1987," Matthew Modine, R. Lee Ermey",Stanley Kubrick ,https://www.imdb.com/title/tt0093058/
Double Indemnity,1944," Fred MacMurray, Barbara Stanwyck",Billy Wilder ,https://www.imdb.com/title/tt0036775/
The Apartment,1960," Jack Lemmon, Shirley MacLaine",Billy Wilder ,https://www.imdb.com/title/tt0053604/
Scarface,1983," Al Pacino, Michelle Pfeiffer",Brian De Palma ,https://www.imdb.com/title/tt0086250/
Ikiru,1952," Takashi Shimura, Nobuo Kaneko",Akira Kurosawa ,https://www.imdb.com/title/tt0044741/
The Sting,1973," Paul Newman, Robert Redford",George Roy Hill ,https://www.imdb.com/title/tt0070735/
To Kill a Mockingbird,1962," Gregory Peck, John Megna",Robert Mulligan ,https://www.imdb.com/title/tt0056592/
Taxi Driver,1976," Robert De Niro, Jodie Foster",Martin Scorsese ,https://www.imdb.com/title/tt0075314/
L.A. Confidential,1997," Kevin Spacey, Russell Crowe",Curtis Hanson ,https://www.imdb.com/title/tt0119488/
Up,2009," Edward Asner, Jordan Nagai",Pete Docter ,https://www.imdb.com/title/tt1049413/
Heat,1995," Al Pacino, Robert De Niro",Michael Mann ,https://www.imdb.com/title/tt0113277/
Hamilton,2020," Lin-Manuel Miranda, Phillipa Soo",Thomas Kail ,https://www.imdb.com/title/tt8503618/
Metropolis,1927," Brigitte Helm, Alfred Abel",Fritz Lang ,https://www.imdb.com/title/tt0017136/
Jodaeiye Nader az Simin,2011," Payman Maadi, Leila Hatami",Asghar Farhadi ,https://www.imdb.com/title/tt1832382/
Snatch,2000," Jason Statham, Brad Pitt",Guy Ritchie ,https://www.imdb.com/title/tt0208092/
Die Hard,1988," Bruce Willis, Alan Rickman",John McTiernan ,https://www.imdb.com/title/tt0095016/
Incendies,2010," Lubna Azabal, Mélissa Désormeaux-Poulin",Denis Villeneuve ,https://www.imdb.com/title/tt1255953/
Indiana Jones and the Last Crusade,1989," Harrison Ford, Sean Connery",Steven Spielberg ,https://www.imdb.com/title/tt0097576/
Ladri di biciclette,1948," Lamberto Maggiorani, Enzo Staiola",Vittorio De Sica ,https://www.imdb.com/title/tt0040522/
Spider-Man: No Way Home,2021," Tom Holland, Zendaya",Jon Watts ,https://www.imdb.com/title/tt10872600/
1917,2019," Dean-Charles Chapman, George MacKay",Sam Mendes ,https://www.imdb.com/title/tt8579674/
Taare Zameen Par,2007," Darsheel Safary, Aamir Khan",Aamir Khan ,https://www.imdb.com/title/tt0986264/
Der Untergang,2004," Bruno Ganz, Alexandra Maria Lara",Oliver Hirschbiegel ,https://www.imdb.com/title/tt0363163/
Per qualche dollaro in più,1965," Clint Eastwood, Lee Van Cleef",Sergio Leone ,https://www.imdb.com/title/tt0059578/
Batman Begins,2005," Christian Bale, Michael Caine",Christopher Nolan ,https://www.imdb.com/title/tt0372784/
Dangal,2016," Aamir Khan, Sakshi Tanwar",Nitesh Tiwari ,https://www.imdb.com/title/tt5074352/
The Kid,1921," Charles Chaplin, Edna Purviance",Charles Chaplin ,https://www.imdb.com/title/tt0012349/
Some Like It Hot,1959," Marilyn Monroe, Tony Curtis",Billy Wilder ,https://www.imdb.com/title/tt0053291/
Everything Everywhere All at Once,2022," Michelle Yeoh, Stephanie Hsu",Dan Kwan ,https://www.imdb.com/title/tt6710474/
The Father,2020," Anthony Hopkins, Olivia Colman",Florian Zeller ,https://www.imdb.com/title/tt10272386/
All About Eve,1950," Bette Davis, Anne Baxter",Joseph L. Mankiewicz ,https://www.imdb.com/title/tt0042192/
Green Book,2018," Viggo Mortensen, Mahershala Ali",Peter Farrelly ,https://www.imdb.com/title/tt6966692/
The Wolf of Wall Street,2013," Leonardo DiCaprio, Jonah Hill",Martin Scorsese ,https://www.imdb.com/title/tt0993846/
Judgment at Nuremberg,1961," Spencer Tracy, Burt Lancaster",Stanley Kramer ,https://www.imdb.com/title/tt0055031/
Unforgiven,1992," Clint Eastwood, Gene Hackman",Clint Eastwood ,https://www.imdb.com/title/tt0105695/
Casino,1995," Robert De Niro, Sharon Stone",Martin Scorsese ,https://www.imdb.com/title/tt0112641/
Ran,1985," Tatsuya Nakadai, Akira Terao",Akira Kurosawa ,https://www.imdb.com/title/tt0089881/
Pan's Labyrinth,2006," Ivana Baquero, Ariadna Gil",Guillermo del Toro ,https://www.imdb.com/title/tt0457430/
There Will Be Blood,2007," Daniel Day-Lewis, Paul Dano",Paul Thomas Anderson ,https://www.imdb.com/title/tt0469494/
The Sixth Sense,1999," Bruce Willis, Haley Joel Osment",M. Night Shyamalan ,https://www.imdb.com/title/tt0167404/
A Beautiful Mind,2001," Russell Crowe, Ed Harris",Ron Howard ,https://www.imdb.com/title/tt0268978/
Monty Python and the Holy Grail,1975," Graham Chapman, John Cleese",Terry Gilliam ,https://www.imdb.com/title/tt0071853/
The Truman Show,1998," Jim Carrey, Ed Harris",Peter Weir ,https://www.imdb.com/title/tt0120382/
Yôjinbô,1961," Toshirô Mifune, Eijirô Tôno",Akira Kurosawa ,https://www.imdb.com/title/tt0055630/
The Treasure of the Sierra Madre,1948," Humphrey Bogart, Walter Huston",John Huston ,https://www.imdb.com/title/tt0040897/
Rashômon,1950," Toshirô Mifune, Machiko Kyô",Akira Kurosawa ,https://www.imdb.com/title/tt0042876/
Shutter Island,2010," Leonardo DiCaprio, Emily Mortimer",Martin Scorsese ,https://www.imdb.com/title/tt1130884/
The Great Escape,1963," Steve McQueen, James Garner",John Sturges ,https://www.imdb.com/title/tt0057115/
Jurassic Park,1993," Sam Neill, Laura Dern",Steven Spielberg ,https://www.imdb.com/title/tt0107290/
Kill Bill: Vol. 1,2003," Uma Thurman, David Carradine",Quentin Tarantino ,https://www.imdb.com/title/tt0266697/
No Country for Old Men,2007," Tommy Lee Jones, Javier Bardem",Ethan Coen ,https://www.imdb.com/title/tt0477348/
Finding Nemo,2003," Albert Brooks, Ellen DeGeneres",Andrew Stanton ,https://www.imdb.com/title/tt0266543/
The Elephant Man,1980," Anthony Hopkins, John Hurt",David Lynch ,https://www.imdb.com/title/tt0080678/
Raging Bull,1980," Robert De Niro, Cathy Moriarty",Martin Scorsese ,https://www.imdb.com/title/tt0081398/
Chinatown,1974," Jack Nicholson, Faye Dunaway",Roman Polanski ,https://www.imdb.com/title/tt0071315/
Gone with the Wind,1939," Clark Gable, Vivien Leigh",Victor Fleming ,https://www.imdb.com/title/tt0031381/
V for Vendetta,2005," Hugo Weaving, Natalie Portman",James McTeigue ,https://www.imdb.com/title/tt0434409/
Inside Out,2015," Amy Poehler, Bill Hader",Pete Docter ,https://www.imdb.com/title/tt2096673/
The Thing,1982," Kurt Russell, Wilford Brimley",John Carpenter ,https://www.imdb.com/title/tt0084787/
"Lock, Stock and Two Smoking Barrels",1998," Jason Flemyng, Dexter Fletcher",Guy Ritchie ,https://www.imdb.com/title/tt0120735/
Dial M for Murder,1954," Ray Milland, Grace Kelly",Alfred Hitchcock ,https://www.imdb.com/title/tt0046912/
El secreto de sus ojos,2009," Ricardo Darín, Soledad Villamil",Juan José Campanella ,https://www.imdb.com/title/tt1305806/
The Bridge on the River Kwai,1957," William Holden, Alec Guinness",David Lean ,https://www.imdb.com/title/tt0050212/
Hauru no ugoku shiro,2004," Chieko Baishô, Takuya Kimura",Hayao Miyazaki ,https://www.imdb.com/title/tt0347149/
"Three Billboards Outside Ebbing, Missouri",2017," Frances McDormand, Woody Harrelson",Martin McDonagh ,https://www.imdb.com/title/tt5027774/
Trainspotting,1996," Ewan McGregor, Ewen Bremner",Danny Boyle ,https://www.imdb.com/title/tt0117951/
Gran Torino,2008," Clint Eastwood, Bee Vang",Clint Eastwood ,https://www.imdb.com/title/tt1205489/
Warrior,2011," Tom Hardy, Nick Nolte",Gavin O'Connor ,https://www.imdb.com/title/tt1291584/
Fargo,1996," William H. Macy, Frances McDormand",Joel Coen ,https://www.imdb.com/title/tt0116282/
Tonari no Totoro,1988," Hitoshi Takagi, Noriko Hidaka",Hayao Miyazaki ,https://www.imdb.com/title/tt0096283/
Prisoners,2013," Hugh Jackman, Jake Gyllenhaal",Denis Villeneuve ,https://www.imdb.com/title/tt1392214/
Million Dollar Baby,2004," Hilary Swank, Clint Eastwood",Clint Eastwood ,https://www.imdb.com/title/tt0405159/
The Gold Rush,1925," Charles Chaplin, Mack Swain",Charles Chaplin ,https://www.imdb.com/title/tt0015864/
Blade Runner,1982," Harrison Ford, Rutger Hauer",Ridley Scott ,https://www.imdb.com/title/tt0083658/
Catch Me If You Can,2002," Leonardo DiCaprio, Tom Hanks",Steven Spielberg ,https://www.imdb.com/title/tt0264464/
On the Waterfront,1954," Marlon Brando, Karl Malden",Elia Kazan ,https://www.imdb.com/title/tt0047296/
The Third Man,1949," Orson Welles, Joseph Cotten",Carol Reed ,https://www.imdb.com/title/tt0041959/
Bacheha-Ye aseman,1997," Mohammad Amir Naji, Amir Farrokh Hashemian",Majid Majidi ,https://www.imdb.com/title/tt0118849/
Ben-Hur,1959," Charlton Heston, Jack Hawkins",William Wyler ,https://www.imdb.com/title/tt0052618/
12 Years a Slave,2013," Chiwetel Ejiofor, Michael Kenneth Williams",Steve McQueen ,https://www.imdb.com/title/tt2024544/
The General,1926," Buster Keaton, Marion Mack",Clyde Bruckman ,https://www.imdb.com/title/tt0017925/
Gone Girl,2014," Ben Affleck, Rosamund Pike",David Fincher ,https://www.imdb.com/title/tt2267998/
Smultronstället,1957," Victor Sjöström, Bibi Andersson",Ingmar Bergman ,https://www.imdb.com/title/tt0050986/
Before Sunrise,1995," Ethan Hawke, Julie Delpy",Richard Linklater ,https://www.imdb.com/title/tt0112471/
The Deer Hunter,1978," Robert De Niro, Christopher Walken",Michael Cimino ,https://www.imdb.com/title/tt0077416/
Harry Potter and the Deathly Hallows: Part 2,2011," Daniel Radcliffe, Emma Watson",David Yates ,https://www.imdb.com/title/tt1201607/
In the Name of the Father,1993," Daniel Day-Lewis, Pete Postlethwaite",Jim Sheridan ,https://www.imdb.com/title/tt0107207/
The Grand Budapest Hotel,2014," Ralph Fiennes, F. Murray Abraham",Wes Anderson ,https://www.imdb.com/title/tt2278388/
Mr. Smith Goes to Washington,1939," James Stewart, Jean Arthur",Frank Capra ,https://www.imdb.com/title/tt0031679/
Le salaire de la peur,1953," Yves Montand, Charles Vanel",Henri-Georges Clouzot ,https://www.imdb.com/title/tt0046268/
Barry Lyndon,1975," Ryan O'Neal, Marisa Berenson",Stanley Kubrick ,https://www.imdb.com/title/tt0072684/
Sherlock Jr.,1924," Buster Keaton, Kathryn McGuire",Buster Keaton ,https://www.imdb.com/title/tt0015324/
Salinui chueok,2003," Song Kang-ho, Kim Sang-kyung",Bong Joon Ho ,https://www.imdb.com/title/tt0353969/
Room,2015," Brie Larson, Jacob Tremblay",Lenny Abrahamson ,https://www.imdb.com/title/tt3170832/
Hacksaw Ridge,2016," Andrew Garfield, Sam Worthington",Mel Gibson ,https://www.imdb.com/title/tt2119532/
Klaus,2019," Jason Schwartzman, J.K. Simmons",Sergio Pablos ,https://www.imdb.com/title/tt4729430/
Det sjunde inseglet,1957," Max von Sydow, Gunnar Björnstrand",Ingmar Bergman ,https://www.imdb.com/title/tt0050976/
Relatos salvajes,2014," Darío Grandinetti, María Marull",Damián Szifron ,https://www.imdb.com/title/tt3011894/
The Big Lebowski,1998," Jeff Bridges, John Goodman",Joel Coen ,https://www.imdb.com/title/tt0118715/
How to Train Your Dragon,2010," Jay Baruchel, Gerard Butler",Dean DeBlois ,https://www.imdb.com/title/tt0892769/
Mad Max: Fury Road,2015," Tom Hardy, Charlize Theron",George Miller ,https://www.imdb.com/title/tt1392190/
Mary and Max.,2009," Toni Collette, Philip Seymour Hoffman",Adam Elliot ,https://www.imdb.com/title/tt0978762/
"Monsters, Inc.",2001," Billy Crystal, John Goodman",Pete Docter ,https://www.imdb.com/title/tt0198781/
Jaws,1975," Roy Scheider, Robert Shaw",Steven Spielberg ,https://www.imdb.com/title/tt0073195/
La passion de Jeanne d'Arc,1928," Maria Falconetti, Eugene Silvain",Carl Theodor Dreyer ,https://www.imdb.com/title/tt0019254/
Hotel Rwanda,2004," Don Cheadle, Sophie Okonedo",Terry George ,https://www.imdb.com/title/tt0395169/
Dead Poets Society,1989," Robin Williams, Robert Sean Leonard",Peter Weir ,https://www.imdb.com/title/tt0097165/
Tôkyô monogatari,1953," Chishû Ryû, Chieko Higashiyama",Yasujirô Ozu ,https://www.imdb.com/title/tt0046438/
Pather Panchali,1955," Kanu Bannerjee, Karuna Bannerjee",Satyajit Ray ,https://www.imdb.com/title/tt0048473/
Rocky,1976," Sylvester Stallone, Talia Shire",John G. Avildsen ,https://www.imdb.com/title/tt0075148/
Platoon,1986," Charlie Sheen, Tom Berenger",Oliver Stone ,https://www.imdb.com/title/tt0091763/
Ford v Ferrari,2019," Matt Damon, Christian Bale",James Mangold ,https://www.imdb.com/title/tt1950186/
Stand by Me,1986," Wil Wheaton, River Phoenix",Rob Reiner ,https://www.imdb.com/title/tt0092005/
The Terminator,1984," Arnold Schwarzenegger, Linda Hamilton",James Cameron ,https://www.imdb.com/title/tt0088247/
Spotlight,2015," Mark Ruffalo, Michael Keaton",Tom McCarthy ,https://www.imdb.com/title/tt1895587/
Rush,2013," Daniel Brühl, Chris Hemsworth",Ron Howard ,https://www.imdb.com/title/tt1979320/
Into the Wild,2007," Emile Hirsch, Vince Vaughn",Sean Penn ,https://www.imdb.com/title/tt0758758/
Network,1976," Faye Dunaway, William Holden",Sidney Lumet ,https://www.imdb.com/title/tt0074958/
The Wizard of Oz,1939," Judy Garland, Frank Morgan",Victor Fleming ,https://www.imdb.com/title/tt0032138/
Logan,2017," Hugh Jackman, Patrick Stewart",James Mangold ,https://www.imdb.com/title/tt3315342/
Groundhog Day,1993," Bill Murray, Andie MacDowell",Harold Ramis ,https://www.imdb.com/title/tt0107048/
Ratatouille,2007," Brad Garrett, Lou Romano",Brad Bird ,https://www.imdb.com/title/tt0382932/
The Exorcist,1973," Ellen Burstyn, Max von Sydow",William Friedkin ,https://www.imdb.com/title/tt0070047/
Before Sunset,2004," Ethan Hawke, Julie Delpy",Richard Linklater ,https://www.imdb.com/title/tt0381681/
The Best Years of Our Lives,1946," Myrna Loy, Dana Andrews",William Wyler ,https://www.imdb.com/title/tt0036868/
The Incredibles,2004," Craig T. Nelson, Samuel L. Jackson",Brad Bird ,https://www.imdb.com/title/tt0317705/
To Be or Not to Be,1942," Carole Lombard, Jack Benny",Ernst Lubitsch ,https://www.imdb.com/title/tt0035446/
Rebecca,1940," Laurence Olivier, Joan Fontaine",Alfred Hitchcock ,https://www.imdb.com/title/tt0032976/
La battaglia di Algeri,1966," Brahim Hadjadj, Jean Martin",Gillo Pontecorvo ,https://www.imdb.com/title/tt0058946/
The Grapes of Wrath,1940," Henry Fonda, Jane Darwell",John Ford ,https://www.imdb.com/title/tt0032551/
Hachi: A Dog's Tale,2009," Richard Gere, Joan Allen",Lasse Hallström ,https://www.imdb.com/title/tt1028532/
Cool Hand Luke,1967," Paul Newman, George Kennedy",Stuart Rosenberg ,https://www.imdb.com/title/tt0061512/
Amores perros,2000," Emilio Echevarría, Gael García Bernal",Alejandro G. Iñárritu ,https://www.imdb.com/title/tt0245712/
Pirates of the Caribbean: The Curse of the Black Pearl,2003," Johnny Depp, Geoffrey Rush",Gore Verbinski ,https://www.imdb.com/title/tt0325980/
Les quatre cents coups,1959," Jean-Pierre Léaud, Albert Rémy",François Truffaut ,https://www.imdb.com/title/tt0053198/
La haine,1995," Vincent Cassel, Hubert Koundé",Mathieu Kassovitz ,https://www.imdb.com/title/tt0113247/
Persona,1966," Bibi Andersson, Liv Ullmann",Ingmar Bergman ,https://www.imdb.com/title/tt0060827/
Dersu Uzala,1975," Maksim Munzuk, Yuriy Solomin",Akira Kurosawa ,https://www.imdb.com/title/tt0071411/
Life of Brian,1979," Graham Chapman, John Cleese",Terry Jones ,https://www.imdb.com/title/tt0079470/
Babam ve Oglum,2005," Çetin Tekindor, Fikret Kuskan",Cagan Irmak ,https://www.imdb.com/title/tt0476735/
It Happened One Night,1934," Clark Gable, Claudette Colbert",Frank Capra ,https://www.imdb.com/title/tt0025316/
The Sound of Music,1965," Julie Andrews, Christopher Plummer",Robert Wise ,https://www.imdb.com/title/tt0059742/
Ah-ga-ssi,2016," Kim Min-hee, Ha Jung-woo",Park Chan-wook ,https://www.imdb.com/title/tt4016934/
Aladdin,1992," Scott Weinger, Robin Williams",Ron Clements ,https://www.imdb.com/title/tt0103639/
Gandhi,1982," Ben Kingsley, John Gielgud",Richard Attenborough ,https://www.imdb.com/title/tt0083987/
The Help,2011," Emma Stone, Viola Davis",Tate Taylor ,https://www.imdb.com/title/tt1454029/
Jai Bhim,2021," Suriya, Lijo Mol Jose",T.J. Gnanavel ,https://www.imdb.com/title/tt15097216/
Beauty and the Beast,1991," Paige O'Hara, Robby Benson",Gary Trousdale ,https://www.imdb.com/title/tt0101414/
